Year,Location,Treatment,Replicate,Week,Injury,Primrose,Cspurry,Henbit,Filago,Violet,Dand,Geran,Chick,Cud,Horse,LQ,Poa,DogFennel,LivAmaranth,PinkPursl,Eclipta
2017,1,1,1,1,0,10,95,0,30,15,.,.,.,.,.,.,.,.,.,.,.
2017,1,1,2,1,0,10,95,0,50,50,.,.,.,.,.,.,.,.,.,.,.
2017,1,1,3,1,0,10,90,.,.,15,.,.,.,.,.,.,.,.,.,.,.
2017,1,2,1,1,0,10,90,10,50,30,.,.,.,.,.,.,.,.,.,.,.
2017,1,2,2,1,0,15,95,30,60,20,.,.,.,.,.,.,.,.,.,.,.
2017,1,2,3,1,0,10,90,80,90,.,.,.,.,.,.,.,.,.,.,.,.
2017,1,3,1,1,0,10,90,10,30,10,.,.,.,.,.,.,.,.,.,.,.
2017,1,3,2,1,0,10,95,20,40,20,.,.,.,.,.,.,.,.,.,.,.
2017,1,3,3,1,0,10,85,99,99,25,.,.,.,.,.,.,.,.,.,.,.
2017,1,4,1,1,0,10,90,10,.,0,.,.,.,.,.,.,.,.,.,.,.
2017,1,4,2,1,0,10,90,20,50,20,.,.,.,.,.,.,.,.,.,.,.
2017,1,4,3,1,0,10,90,.,90,0,.,.,.,.,.,.,.,.,.,.,.
2017,1,5,1,1,0,0,0,0,0,0,.,.,.,.,.,.,.,.,.,.,.
2017,1,5,2,1,0,0,0,0,0,0,.,.,.,.,.,.,.,.,.,.,.
2017,1,5,3,1,0,0,0,0,0,0,.,.,.,.,.,.,.,.,.,.,.
2017,1,6,1,1,0,25,90,30,50,50,.,.,.,.,.,.,.,.,.,.,.
2017,1,6,2,1,0,50,99,90,90,65,.,.,.,.,.,.,.,.,.,.,.
2017,1,6,3,1,0,60,99,99,90,99,.,.,.,.,.,.,.,.,.,.,.
2017,1,7,1,1,0,30,99,75,75,40,.,.,.,.,.,.,.,.,.,.,.
2017,1,7,2,1,0,50,99,95,90,50,.,.,.,.,.,.,.,.,.,.,.
2017,1,7,3,1,0,65,99,90,95,80,.,.,.,.,.,.,.,.,.,.,.
2017,1,8,1,1,0,15,95,10,20,10,.,.,.,.,.,.,.,.,.,.,.
2017,1,8,2,1,0,25,99,90,75,10,.,.,.,.,.,.,.,.,.,.,.
2017,1,8,3,1,0,20,99,90,90,90,.,.,.,.,.,.,.,.,.,.,.
2017,1,9,1,1,0,10,99,10,30,10,.,.,.,.,.,.,.,.,.,.,.
2017,1,9,2,1,0,20,99,10,30,10,.,.,.,.,.,.,.,.,.,.,.
2017,1,9,3,1,0,10,95,.,90,20,.,.,.,.,.,.,.,.,.,.,.
2017,1,1,1,2,0,75,95,0,30,15,.,.,.,.,.,.,.,.,.,.,.
2017,1,1,2,2,0,65,95,0,50,50,.,.,.,.,.,.,.,.,.,.,.
2017,1,1,3,2,0,75,90,.,.,15,.,.,.,.,.,.,.,.,.,.,.
2017,1,2,1,2,0,90,90,10,50,30,.,.,.,.,.,.,.,.,.,.,.
2017,1,2,2,2,0,30,95,30,60,20,.,.,.,.,.,.,.,.,.,.,.
2017,1,2,3,2,0,90,90,80,90,.,.,.,.,.,.,.,.,.,.,.,.
2017,1,3,1,2,0,90,90,10,30,10,.,.,.,.,.,.,.,.,.,.,.
2017,1,3,2,2,0,85,95,20,40,20,.,.,.,.,.,.,.,.,.,.,.
2017,1,3,3,2,0,90,85,99,99,25,.,.,.,.,.,.,.,.,.,.,.
2017,1,4,1,2,0,80,90,10,.,0,.,.,.,.,.,.,.,.,.,.,.
2017,1,4,2,2,0,75,90,20,50,20,.,.,.,.,.,.,.,.,.,.,.
2017,1,4,3,2,0,90,90,.,90,0,.,.,.,.,.,.,.,.,.,.,.
2017,1,5,1,2,0,0,0,0,0,0,.,.,.,.,.,.,.,.,.,.,.
2017,1,5,2,2,0,0,0,0,0,0,.,.,.,.,.,.,.,.,.,.,.
2017,1,5,3,2,0,0,0,0,0,0,.,.,.,.,.,.,.,.,.,.,.
2017,1,6,1,2,0,95,90,30,50,50,.,.,.,.,.,.,.,.,.,.,.
2017,1,6,2,2,0,95,99,90,90,65,.,.,.,.,.,.,.,.,.,.,.
2017,1,6,3,2,0,95,99,99,90,99,.,.,.,.,.,.,.,.,.,.,.
2017,1,7,1,2,0,95,99,75,75,40,.,.,.,.,.,.,.,.,.,.,.
2017,1,7,2,2,0,95,99,95,90,50,.,.,.,.,.,.,.,.,.,.,.
2017,1,7,3,2,0,95,99,90,95,80,.,.,.,.,.,.,.,.,.,.,.
2017,1,8,1,2,0,90,95,10,20,10,.,.,.,.,.,.,.,.,.,.,.
2017,1,8,2,2,0,90,99,90,75,10,.,.,.,.,.,.,.,.,.,.,.
2017,1,8,3,2,0,95,99,90,90,90,.,.,.,.,.,.,.,.,.,.,.
2017,1,9,1,2,0,95,99,10,30,10,.,.,.,.,.,.,.,.,.,.,.
2017,1,9,2,2,0,95,99,10,30,10,.,.,.,.,.,.,.,.,.,.,.
2017,1,9,3,2,0,95,95,.,90,20,.,.,.,.,.,.,.,.,.,.,.
2017,1,1,1,3,0,99,100,100,100,100,.,.,.,.,.,.,.,.,.,.,.
2017,1,1,2,3,0,98,100,100,100,100,.,.,.,.,.,.,.,.,.,.,.
2017,1,1,3,3,0,98,100,100,100,100,.,.,.,.,.,.,.,.,.,.,.
2017,1,2,1,3,0,99,100,100,100,100,.,.,.,.,.,.,.,.,.,.,.
2017,1,2,2,3,0,99,100,100,100,100,.,.,.,.,.,.,.,.,.,.,.
2017,1,2,3,3,0,98,100,100,100,100,.,.,.,.,.,.,.,.,.,.,.
2017,1,3,1,3,0,99,100,100,100,100,.,.,.,.,.,.,.,.,.,.,.
2017,1,3,2,3,0,100,100,100,100,100,.,.,.,.,.,.,.,.,.,.,.
2017,1,3,3,3,0,99,100,100,100,100,.,.,.,.,.,.,.,.,.,.,.
2017,1,4,1,3,0,99,100,100,100,100,.,.,.,.,.,.,.,.,.,.,.
2017,1,4,2,3,0,100,100,100,100,100,.,.,.,.,.,.,.,.,.,.,.
2017,1,4,3,3,0,100,100,100,100,100,.,.,.,.,.,.,.,.,.,.,.
2017,1,5,1,3,0,0,0,0,0,0,.,.,.,.,.,.,.,.,.,.,.
2017,1,5,2,3,0,0,0,0,0,0,.,.,.,.,.,.,.,.,.,.,.
2017,1,5,3,3,0,0,0,0,0,0,.,.,.,.,.,.,.,.,.,.,.
2017,1,6,1,3,0,98,100,100,100,100,.,.,.,.,.,.,.,.,.,.,.
2017,1,6,2,3,0,90,100,100,100,100,.,.,.,.,.,.,.,.,.,.,.
2017,1,6,3,3,0,99,100,100,100,100,.,.,.,.,.,.,.,.,.,.,.
2017,1,7,1,3,0,99,100,100,100,98,.,.,.,.,.,.,.,.,.,.,.
2017,1,7,2,3,0,99,100,100,100,100,.,.,.,.,.,.,.,.,.,.,.
2017,1,7,3,3,0,100,100,100,100,100,.,.,.,.,.,.,.,.,.,.,.
2017,1,8,1,3,0,100,100,100,100,100,.,.,.,.,.,.,.,.,.,.,.
2017,1,8,2,3,0,100,100,100,100,100,.,.,.,.,.,.,.,.,.,.,.
2017,1,8,3,3,0,100,100,100,100,100,.,.,.,.,.,.,.,.,.,.,.
2017,1,9,1,3,0,100,100,100,100,100,.,.,.,.,.,.,.,.,.,.,.
2017,1,9,2,3,0,100,100,100,100,100,.,.,.,.,.,.,.,.,.,.,.
2017,1,9,3,3,0,100,100,100,100,100,.,.,.,.,.,.,.,.,.,.,.
2017,1,1,1,4,0,99,100,100,100,100,.,.,.,.,.,.,.,.,.,.,.
2017,1,1,2,4,0,98,100,100,100,100,.,.,.,.,.,.,.,.,.,.,.
2017,1,1,3,4,0,98,100,100,100,100,.,.,.,.,.,.,.,.,.,.,.
2017,1,2,1,4,0,99,100,100,100,100,.,.,.,.,.,.,.,.,.,.,.
2017,1,2,2,4,0,99,100,100,100,100,.,.,.,.,.,.,.,.,.,.,.
2017,1,2,3,4,0,98,100,100,100,100,.,.,.,.,.,.,.,.,.,.,.
2017,1,3,1,4,0,99,100,100,100,100,.,.,.,.,.,.,.,.,.,.,.
2017,1,3,2,4,0,100,100,100,100,100,.,.,.,.,.,.,.,.,.,.,.
2017,1,3,3,4,0,99,100,100,100,100,.,.,.,.,.,.,.,.,.,.,.
2017,1,4,1,4,0,99,100,100,100,100,.,.,.,.,.,.,.,.,.,.,.
2017,1,4,2,4,0,100,100,100,100,100,.,.,.,.,.,.,.,.,.,.,.
2017,1,4,3,4,0,100,100,100,100,100,.,.,.,.,.,.,.,.,.,.,.
2017,1,5,1,4,0,0,0,0,0,0,.,.,.,.,.,.,.,.,.,.,.
2017,1,5,2,4,0,0,0,0,0,0,.,.,.,.,.,.,.,.,.,.,.
2017,1,5,3,4,0,0,0,0,0,0,.,.,.,.,.,.,.,.,.,.,.
2017,1,6,1,4,0,98,100,100,100,100,.,.,.,.,.,.,.,.,.,.,.
2017,1,6,2,4,0,90,100,100,100,100,.,.,.,.,.,.,.,.,.,.,.
2017,1,6,3,4,0,99,100,100,100,100,.,.,.,.,.,.,.,.,.,.,.
2017,1,7,1,4,0,99,100,100,100,98,.,.,.,.,.,.,.,.,.,.,.
2017,1,7,2,4,0,99,100,100,100,100,.,.,.,.,.,.,.,.,.,.,.
2017,1,7,3,4,0,100,100,100,100,100,.,.,.,.,.,.,.,.,.,.,.
2017,1,8,1,4,0,100,100,100,100,100,.,.,.,.,.,.,.,.,.,.,.
2017,1,8,2,4,0,100,100,100,100,100,.,.,.,.,.,.,.,.,.,.,.
2017,1,8,3,4,0,100,100,100,100,100,.,.,.,.,.,.,.,.,.,.,.
2017,1,9,1,4,0,100,100,100,100,100,.,.,.,.,.,.,.,.,.,.,.
2017,1,9,2,4,0,100,100,100,100,100,.,.,.,.,.,.,.,.,.,.,.
2017,1,9,3,4,0,100,100,100,100,100,.,.,.,.,.,.,.,.,.,.,.
2017,1,1,1,5,0,.,.,.,.,.,.,.,.,.,.,.,.,.,.,.,.
2017,1,1,2,5,5,.,.,.,.,.,.,.,.,.,.,.,.,.,.,.,.
2017,1,1,3,5,0,.,.,.,.,.,.,.,.,.,.,.,.,.,.,.,.
2017,1,2,1,5,0,.,.,.,.,.,.,.,.,.,.,.,.,.,.,.,.
2017,1,2,2,5,0,.,.,.,.,.,.,.,.,.,.,.,.,.,.,.,.
2017,1,2,3,5,5,.,.,.,.,.,.,.,.,.,.,.,.,.,.,.,.
2017,1,3,1,5,0,.,.,.,.,.,.,.,.,.,.,.,.,.,.,.,.
2017,1,3,2,5,0,.,.,.,.,.,.,.,.,.,.,.,.,.,.,.,.
2017,1,3,3,5,10,.,.,.,.,.,.,.,.,.,.,.,.,.,.,.,.
2017,1,4,1,5,0,.,.,.,.,.,.,.,.,.,.,.,.,.,.,.,.
2017,1,4,2,5,0,.,.,.,.,.,.,.,.,.,.,.,.,.,.,.,.
2017,1,4,3,5,5,.,.,.,.,.,.,.,.,.,.,.,.,.,.,.,.
2017,1,5,1,5,0,.,.,.,.,.,.,.,.,.,.,.,.,.,.,.,.
2017,1,5,2,5,0,.,.,.,.,.,.,.,.,.,.,.,.,.,.,.,.
2017,1,5,3,5,0,.,.,.,.,.,.,.,.,.,.,.,.,.,.,.,.
2017,1,6,1,5,50,.,.,.,.,.,.,.,.,.,.,.,.,.,.,.,.
2017,1,6,2,5,5,.,.,.,.,.,.,.,.,.,.,.,.,.,.,.,.
2017,1,6,3,5,5,.,.,.,.,.,.,.,.,.,.,.,.,.,.,.,.
2017,1,7,1,5,0,.,.,.,.,.,.,.,.,.,.,.,.,.,.,.,.
2017,1,7,2,5,0,.,.,.,.,.,.,.,.,.,.,.,.,.,.,.,.
2017,1,7,3,5,5,.,.,.,.,.,.,.,.,.,.,.,.,.,.,.,.
2017,1,8,1,5,0,.,.,.,.,.,.,.,.,.,.,.,.,.,.,.,.
2017,1,8,2,5,0,.,.,.,.,.,.,.,.,.,.,.,.,.,.,.,.
2017,1,8,3,5,0,.,.,.,.,.,.,.,.,.,.,.,.,.,.,.,.
2017,1,9,1,5,10,.,.,.,.,.,.,.,.,.,.,.,.,.,.,.,.
2017,1,9,2,5,5,.,.,.,.,.,.,.,.,.,.,.,.,.,.,.,.
2017,1,9,3,5,0,.,.,.,.,.,.,.,.,.,.,.,.,.,.,.,.
2017,1,1,1,6,0,90,100,100,100,100,.,.,.,.,.,.,.,.,.,.,.
2017,1,1,2,6,0,100,100,90,100,100,.,.,.,.,.,.,.,.,.,.,.
2017,1,1,3,6,0,100,100,100,100,100,.,.,.,.,.,.,.,.,.,.,.
2017,1,2,1,6,0,90,100,100,100,100,.,.,.,.,.,.,.,.,.,.,.
2017,1,2,2,6,0,99,100,90,100,100,.,.,.,.,.,.,.,.,.,.,.
2017,1,2,3,6,0,100,100,99,100,100,.,.,.,.,.,.,.,.,.,.,.
2017,1,3,1,6,0,90,100,100,100,100,.,.,.,.,.,.,.,.,.,.,.
2017,1,3,2,6,0,100,100,100,100,100,.,.,.,.,.,.,.,.,.,.,.
2017,1,3,3,6,0,100,100,99,100,100,.,.,.,.,.,.,.,.,.,.,.
2017,1,4,1,6,0,95,100,100,100,100,.,.,.,.,.,.,.,.,.,.,.
2017,1,4,2,6,0,100,100,100,100,100,.,.,.,.,.,.,.,.,.,.,.
2017,1,4,3,6,0,100,100,100,100,100,.,.,.,.,.,.,.,.,.,.,.
2017,1,5,1,6,0,0,0,0,0,0,.,.,.,.,.,.,.,.,.,.,.
2017,1,5,2,6,0,0,0,0,0,0,.,.,.,.,.,.,.,.,.,.,.
2017,1,5,3,6,0,0,0,0,0,0,.,.,.,.,.,.,.,.,.,.,.
2017,1,6,1,6,0,90,100,100,100,100,.,.,.,.,.,.,.,.,.,.,.
2017,1,6,2,6,0,99,100,100,100,100,.,.,.,.,.,.,.,.,.,.,.
2017,1,6,3,6,0,100,100,100,100,100,.,.,.,.,.,.,.,.,.,.,.
2017,1,7,1,6,0,95,100,100,100,100,.,.,.,.,.,.,.,.,.,.,.
2017,1,7,2,6,0,90,100,100,100,100,.,.,.,.,.,.,.,.,.,.,.
2017,1,7,3,6,0,100,100,100,100,100,.,.,.,.,.,.,.,.,.,.,.
2017,1,8,1,6,0,100,100,100,100,100,.,.,.,.,.,.,.,.,.,.,.
2017,1,8,2,6,0,100,100,100,100,100,.,.,.,.,.,.,.,.,.,.,.
2017,1,8,3,6,0,100,100,100,100,100,.,.,.,.,.,.,.,.,.,.,.
2017,1,9,1,6,0,100,100,100,100,100,.,.,.,.,.,.,.,.,.,.,.
2017,1,9,2,6,0,100,100,100,100,100,.,.,.,.,.,.,.,.,.,.,.
2017,1,9,3,6,0,100,100,100,100,100,.,.,.,.,.,.,.,.,.,.,.
2018,2,1,1,1,.,99,.,.,.,.,100,100,100,100,100,100,.,.,.,.,.
2018,2,1,2,1,.,100,.,.,.,.,100,100,100,100,100,100,.,.,.,.,.
2018,2,1,3,1,.,99,.,.,.,.,100,100,100,100,100,100,.,.,.,.,.
2018,2,1,4,1,.,100,.,.,.,.,100,100,100,100,100,100,.,.,.,.,.
2018,2,2,1,1,.,100,.,.,.,.,100,100,100,100,100,100,.,.,.,.,.
2018,2,2,2,1,.,100,.,.,.,.,100,100,100,100,100,100,.,.,.,.,.
2018,2,2,3,1,.,100,.,.,.,.,100,100,100,100,100,100,.,.,.,.,.
2018,2,2,4,1,.,100,.,.,.,.,100,100,100,100,100,100,.,.,.,.,.
2018,2,3,1,1,.,99,.,.,.,.,100,100,100,100,100,100,.,.,.,.,.
2018,2,3,2,1,.,100,.,.,.,.,100,100,100,100,100,100,.,.,.,.,.
2018,2,3,3,1,.,100,.,.,.,.,100,100,100,100,100,100,.,.,.,.,.
2018,2,3,4,1,.,100,.,.,.,.,100,100,100,100,100,100,.,.,.,.,.
2018,2,4,1,1,.,99,.,.,.,.,100,100,100,100,100,100,.,.,.,.,.
2018,2,4,2,1,.,100,.,.,.,.,100,100,100,100,100,100,.,.,.,.,.
2018,2,4,3,1,.,100,.,.,.,.,100,100,100,100,100,100,.,.,.,.,.
2018,2,4,4,1,.,100,.,.,.,.,100,100,100,100,100,100,.,.,.,.,.
2018,2,5,1,1,.,0,.,.,.,.,0,0,0,0,0,0,.,.,.,.,.
2018,2,5,2,1,.,0,.,.,.,.,0,0,0,0,0,0,.,.,.,.,.
2018,2,5,3,1,.,0,.,.,.,.,0,0,0,0,0,0,.,.,.,.,.
2018,2,5,4,1,.,0,.,.,.,.,0,0,0,0,0,0,.,.,.,.,.
2018,2,6,1,1,.,100,.,.,.,.,100,100,100,100,100,100,.,.,.,.,.
2018,2,6,2,1,.,100,.,.,.,.,100,100,100,100,100,100,.,.,.,.,.
2018,2,6,3,1,.,99,.,.,.,.,100,100,100,100,100,100,.,.,.,.,.
2018,2,6,4,1,.,100,.,.,.,.,100,100,100,100,100,100,.,.,.,.,.
2018,2,7,1,1,.,100,.,.,.,.,100,100,100,100,100,100,.,.,.,.,.
2018,2,7,2,1,.,100,.,.,.,.,100,100,100,100,100,100,.,.,.,.,.
2018,2,7,3,1,.,100,.,.,.,.,100,100,100,100,100,100,.,.,.,.,.
2018,2,7,4,1,.,100,.,.,.,.,100,100,100,100,100,100,.,.,.,.,.
2018,2,8,1,1,.,100,.,.,.,.,100,100,100,100,100,100,.,.,.,.,.
2018,2,8,2,1,.,100,.,.,.,.,100,100,100,100,100,100,.,.,.,.,.
2018,2,8,3,1,.,100,.,.,.,.,100,100,100,100,100,100,.,.,.,.,.
2018,2,8,4,1,.,100,.,.,.,.,100,100,100,100,100,100,.,.,.,.,.
2018,2,9,1,1,.,100,.,.,.,.,100,100,100,100,100,100,.,.,.,.,.
2018,2,9,2,1,.,99,.,.,.,.,100,100,100,100,100,100,.,.,.,.,.
2018,2,9,3,1,.,100,.,.,.,.,100,100,100,100,100,100,.,.,.,.,.
2018,2,9,4,1,.,100,.,.,.,.,100,100,100,100,100,100,.,.,.,.,.
2018,2,1,1,2,.,70,.,.,.,.,90,100,100,100,100,100,.,.,.,.,.
2018,2,1,2,2,.,100,.,.,.,.,100,100,100,100,100,100,.,.,.,.,.
2018,2,1,3,2,.,95,.,.,.,.,99,100,100,100,100,100,.,.,.,.,.
2018,2,1,4,2,.,100,.,.,.,.,100,100,100,100,100,100,.,.,.,.,.
2018,2,2,1,2,.,100,.,.,.,.,100,100,100,100,100,100,.,.,.,.,.
2018,2,2,2,2,.,100,.,.,.,.,100,100,100,100,100,100,.,.,.,.,.
2018,2,2,3,2,.,100,.,.,.,.,95,100,100,100,100,100,.,.,.,.,.
2018,2,2,4,2,.,95,.,.,.,.,100,100,100,100,100,100,.,.,.,.,.
2018,2,3,1,2,.,100,.,.,.,.,100,100,100,100,100,100,.,.,.,.,.
2018,2,3,2,2,.,100,.,.,.,.,99,100,100,100,100,100,.,.,.,.,.
2018,2,3,3,2,.,100,.,.,.,.,100,100,100,100,100,100,.,.,.,.,.
2018,2,3,4,2,.,100,.,.,.,.,100,100,100,100,100,100,.,.,.,.,.
2018,2,4,1,2,.,100,.,.,.,.,100,100,100,100,100,100,.,.,.,.,.
2018,2,4,2,2,.,100,.,.,.,.,99,100,100,100,100,100,.,.,.,.,.
2018,2,4,3,2,.,100,.,.,.,.,100,100,100,100,100,100,.,.,.,.,.
2018,2,4,4,2,.,100,.,.,.,.,100,100,100,100,100,100,.,.,.,.,.
2018,2,5,1,2,.,0,.,.,.,.,0,0,0,0,0,0,.,.,.,.,.
2018,2,5,2,2,.,0,.,.,.,.,0,0,0,0,0,0,.,.,.,.,.
2018,2,5,3,2,.,0,.,.,.,.,0,0,0,0,0,0,.,.,.,.,.
2018,2,5,4,2,.,0,.,.,.,.,0,0,0,0,0,0,.,.,.,.,.
2018,2,6,1,2,.,100,.,.,.,.,100,100,100,100,100,100,.,.,.,.,.
2018,2,6,2,2,.,100,.,.,.,.,100,100,100,100,100,100,.,.,.,.,.
2018,2,6,3,2,.,100,.,.,.,.,99,100,100,100,100,100,.,.,.,.,.
2018,2,6,4,2,.,100,.,.,.,.,100,100,100,100,100,100,.,.,.,.,.
2018,2,7,1,2,.,100,.,.,.,.,99,100,100,100,100,100,.,.,.,.,.
2018,2,7,2,2,.,100,.,.,.,.,100,100,100,100,100,100,.,.,.,.,.
2018,2,7,3,2,.,99,.,.,.,.,100,100,100,100,100,100,.,.,.,.,.
2018,2,7,4,2,.,95,.,.,.,.,100,100,100,100,100,100,.,.,.,.,.
2018,2,8,1,2,.,99,.,.,.,.,100,100,100,100,100,100,.,.,.,.,.
2018,2,8,2,2,.,100,.,.,.,.,100,100,100,100,100,100,.,.,.,.,.
2018,2,8,3,2,.,100,.,.,.,.,100,100,100,100,100,100,.,.,.,.,.
2018,2,8,4,2,.,100,.,.,.,.,100,100,100,100,100,100,.,.,.,.,.
2018,2,9,1,2,.,100,.,.,.,.,90,100,100,100,100,100,.,.,.,.,.
2018,2,9,2,2,.,100,.,.,.,.,99,100,100,100,100,100,.,.,.,.,.
2018,2,9,3,2,.,100,.,.,.,.,100,100,100,100,100,100,.,.,.,.,.
2018,2,9,4,2,.,100,.,.,.,.,100,100,100,100,100,100,.,.,.,.,.
2018,3,1,1,1,.,100,.,100,.,.,.,.,.,100,.,.,100,.,.,.,.
2018,3,1,2,1,.,100,.,100,.,.,.,.,.,100,.,.,100,.,.,.,.
2018,3,1,3,1,.,100,.,100,.,.,.,.,.,100,.,.,100,.,.,.,.
2018,3,1,4,1,.,100,.,100,.,.,.,.,.,100,.,.,100,.,.,.,.
2018,3,2,1,1,.,100,.,100,.,.,.,.,.,100,.,.,100,.,.,.,.
2018,3,2,2,1,.,100,.,100,.,.,.,.,.,100,.,.,100,.,.,.,.
2018,3,2,3,1,.,100,.,100,.,.,.,.,.,100,.,.,100,.,.,.,.
2018,3,2,4,1,.,100,.,100,.,.,.,.,.,100,.,.,100,.,.,.,.
2018,3,3,1,1,.,100,.,100,.,.,.,.,.,100,.,.,100,.,.,.,.
2018,3,3,2,1,.,100,.,100,.,.,.,.,.,100,.,.,100,.,.,.,.
2018,3,3,3,1,.,100,.,100,.,.,.,.,.,100,.,.,100,.,.,.,.
2018,3,3,4,1,.,100,.,100,.,.,.,.,.,100,.,.,100,.,.,.,.
2018,3,4,1,1,.,100,.,100,.,.,.,.,.,100,.,.,100,.,.,.,.
2018,3,4,2,1,.,100,.,100,.,.,.,.,.,100,.,.,100,.,.,.,.
2018,3,4,3,1,.,100,.,100,.,.,.,.,.,100,.,.,100,.,.,.,.
2018,3,4,4,1,.,100,.,100,.,.,.,.,.,100,.,.,100,.,.,.,.
2018,3,5,1,1,.,0,.,0,.,.,.,.,.,0,.,.,0,.,.,.,.
2018,3,5,2,1,.,0,.,0,.,.,.,.,.,0,.,.,0,.,.,.,.
2018,3,5,3,1,.,0,.,0,.,.,.,.,.,0,.,.,0,.,.,.,.
2018,3,5,4,1,.,0,.,0,.,.,.,.,.,0,.,.,0,.,.,.,.
2018,3,6,1,1,.,100,.,100,.,.,.,.,.,100,.,.,100,.,.,.,.
2018,3,6,2,1,.,100,.,100,.,.,.,.,.,100,.,.,100,.,.,.,.
2018,3,6,3,1,.,100,.,100,.,.,.,.,.,100,.,.,100,.,.,.,.
2018,3,6,4,1,.,100,.,100,.,.,.,.,.,100,.,.,100,.,.,.,.
2018,3,7,1,1,.,100,.,100,.,.,.,.,.,100,.,.,100,.,.,.,.
2018,3,7,2,1,.,100,.,100,.,.,.,.,.,100,.,.,100,.,.,.,.
2018,3,7,3,1,.,100,.,100,.,.,.,.,.,100,.,.,100,.,.,.,.
2018,3,7,4,1,.,100,.,100,.,.,.,.,.,100,.,.,100,.,.,.,.
2018,3,8,1,1,.,100,.,100,.,.,.,.,.,100,.,.,100,.,.,.,.
2018,3,8,2,1,.,100,.,100,.,.,.,.,.,100,.,.,100,.,.,.,.
2018,3,8,3,1,.,100,.,100,.,.,.,.,.,100,.,.,100,.,.,.,.
2018,3,8,4,1,.,100,.,100,.,.,.,.,.,100,.,.,100,.,.,.,.
2018,3,9,1,1,.,100,.,100,.,.,.,.,.,100,.,.,100,.,.,.,.
2018,3,9,2,1,.,100,.,100,.,.,.,.,.,100,.,.,100,.,.,.,.
2018,3,9,3,1,.,100,.,100,.,.,.,.,.,100,.,.,100,.,.,.,.
2018,3,9,4,1,.,100,.,100,.,.,.,.,.,100,.,.,100,.,.,.,.
2018,3,1,1,2,.,100,.,100,.,.,.,.,.,100,.,.,100,.,.,.,.
2018,3,1,2,2,.,100,.,100,.,.,.,.,.,100,.,.,100,.,.,.,.
2018,3,1,3,2,.,100,.,100,.,.,.,.,.,100,.,.,100,.,.,.,.
2018,3,1,4,2,.,95,.,100,.,.,.,.,.,100,.,.,100,.,.,.,.
2018,3,2,1,2,.,100,.,100,.,.,.,.,.,100,.,.,100,.,.,.,.
2018,3,2,2,2,.,100,.,100,.,.,.,.,.,100,.,.,100,.,.,.,.
2018,3,2,3,2,.,100,.,100,.,.,.,.,.,100,.,.,100,.,.,.,.
2018,3,2,4,2,.,98,.,100,.,.,.,.,.,100,.,.,100,.,.,.,.
2018,3,3,1,2,.,100,.,100,.,.,.,.,.,100,.,.,100,.,.,.,.
2018,3,3,2,2,.,100,.,100,.,.,.,.,.,100,.,.,100,.,.,.,.
2018,3,3,3,2,.,100,.,100,.,.,.,.,.,100,.,.,100,.,.,.,.
2018,3,3,4,2,.,100,.,100,.,.,.,.,.,100,.,.,100,.,.,.,.
2018,3,4,1,2,.,100,.,100,.,.,.,.,.,100,.,.,100,.,.,.,.
2018,3,4,2,2,.,100,.,100,.,.,.,.,.,100,.,.,100,.,.,.,.
2018,3,4,3,2,.,100,.,100,.,.,.,.,.,100,.,.,100,.,.,.,.
2018,3,4,4,2,.,100,.,100,.,.,.,.,.,100,.,.,100,.,.,.,.
2018,3,5,1,2,.,0,.,0,.,.,.,.,.,0,.,.,0,.,.,.,.
2018,3,5,2,2,.,0,.,0,.,.,.,.,.,0,.,.,0,.,.,.,.
2018,3,5,3,2,.,0,.,0,.,.,.,.,.,0,.,.,0,.,.,.,.
2018,3,5,4,2,.,0,.,0,.,.,.,.,.,0,.,.,0,.,.,.,.
2018,3,6,1,2,.,100,.,100,.,.,.,.,.,100,.,.,100,.,.,.,.
2018,3,6,2,2,.,100,.,100,.,.,.,.,.,100,.,.,100,.,.,.,.
2018,3,6,3,2,.,100,.,100,.,.,.,.,.,100,.,.,100,.,.,.,.
2018,3,6,4,2,.,100,.,100,.,.,.,.,.,100,.,.,100,.,.,.,.
2018,3,7,1,2,.,100,.,100,.,.,.,.,.,100,.,.,100,.,.,.,.
2018,3,7,2,2,.,100,.,100,.,.,.,.,.,100,.,.,100,.,.,.,.
2018,3,7,3,2,.,100,.,100,.,.,.,.,.,100,.,.,100,.,.,.,.
2018,3,7,4,2,.,99,.,100,.,.,.,.,.,100,.,.,100,.,.,.,.
2018,3,8,1,2,.,100,.,100,.,.,.,.,.,100,.,.,100,.,.,.,.
2018,3,8,2,2,.,100,.,100,.,.,.,.,.,100,.,.,100,.,.,.,.
2018,3,8,3,2,.,100,.,100,.,.,.,.,.,100,.,.,100,.,.,.,.
2018,3,8,4,2,.,100,.,100,.,.,.,.,.,100,.,.,100,.,.,.,.
2018,3,9,1,2,.,100,.,100,.,.,.,.,.,100,.,.,100,.,.,.,.
2018,3,9,2,2,.,100,.,100,.,.,.,.,.,100,.,.,100,.,.,.,.
2018,3,9,3,2,.,100,.,100,.,.,.,.,.,100,.,.,100,.,.,.,.
2018,3,9,4,2,.,100,.,100,.,.,.,.,.,100,.,.,100,.,.,.,.
2019,4,1,1,1,0,.,.,.,100,.,.,.,.,.,100,.,.,100,.,.,.
2019,4,1,2,1,0,.,.,.,100,.,.,.,.,.,100,.,.,100,.,.,.
2019,4,1,3,1,0,.,.,.,100,.,.,.,.,.,100,.,.,100,.,.,.
2019,4,1,4,1,0,.,.,.,100,.,.,.,.,.,100,.,.,100,.,.,.
2019,4,2,1,1,0,.,.,.,100,.,.,.,.,.,100,.,.,100,.,.,.
2019,4,2,2,1,0,.,.,.,100,.,.,.,.,.,100,.,.,100,.,.,.
2019,4,2,3,1,0,.,.,.,100,.,.,.,.,.,100,.,.,100,.,.,.
2019,4,2,4,1,0,.,.,.,100,.,.,.,.,.,100,.,.,100,.,.,.
2019,4,3,1,1,0,.,.,.,100,.,.,.,.,.,100,.,.,100,.,.,.
2019,4,3,2,1,0,.,.,.,100,.,.,.,.,.,100,.,.,100,.,.,.
2019,4,3,3,1,0,.,.,.,100,.,.,.,.,.,100,.,.,90,.,.,.
2019,4,3,4,1,0,.,.,.,100,.,.,.,.,.,100,.,.,100,.,.,.
2019,4,4,1,1,0,.,.,.,100,.,.,.,.,.,100,.,.,100,.,.,.
2019,4,4,2,1,0,.,.,.,100,.,.,.,.,.,100,.,.,100,.,.,.
2019,4,4,3,1,0,.,.,.,100,.,.,.,.,.,100,.,.,100,.,.,.
2019,4,4,4,1,0,.,.,.,100,.,.,.,.,.,100,.,.,100,.,.,.
2019,4,5,1,1,0,.,.,.,0,.,.,.,.,.,0,.,.,0,.,.,.
2019,4,5,2,1,0,.,.,.,0,.,.,.,.,.,0,.,.,0,.,.,.
2019,4,5,3,1,0,.,.,.,0,.,.,.,.,.,0,.,.,0,.,.,.
2019,4,5,4,1,0,.,.,.,0,.,.,.,.,.,0,.,.,0,.,.,.
2019,4,6,1,1,0,.,.,.,100,.,.,.,.,.,100,.,.,100,.,.,.
2019,4,6,2,1,0,.,.,.,100,.,.,.,.,.,100,.,.,85,.,.,.
2019,4,6,3,1,0,.,.,.,100,.,.,.,.,.,100,.,.,80,.,.,.
2019,4,6,4,1,0,.,.,.,100,.,.,.,.,.,100,.,.,100,.,.,.
2019,4,7,1,1,0,.,.,.,100,.,.,.,.,.,100,.,.,100,.,.,.
2019,4,7,2,1,0,.,.,.,100,.,.,.,.,.,100,.,.,100,.,.,.
2019,4,7,3,1,0,.,.,.,100,.,.,.,.,.,100,.,.,75,.,.,.
2019,4,7,4,1,0,.,.,.,100,.,.,.,.,.,100,.,.,100,.,.,.
2019,4,8,1,1,0,.,.,.,100,.,.,.,.,.,100,.,.,100,.,.,.
2019,4,8,2,1,0,.,.,.,100,.,.,.,.,.,100,.,.,100,.,.,.
2019,4,8,3,1,0,.,.,.,100,.,.,.,.,.,100,.,.,75,.,.,.
2019,4,8,4,1,0,.,.,.,100,.,.,.,.,.,100,.,.,100,.,.,.
2019,4,9,1,1,0,.,.,.,100,.,.,.,.,.,100,.,.,100,.,.,.
2019,4,9,2,1,0,.,.,.,100,.,.,.,.,.,100,.,.,100,.,.,.
2019,4,9,3,1,0,.,.,.,100,.,.,.,.,.,100,.,.,100,.,.,.
2019,4,9,4,1,0,.,.,.,100,.,.,.,.,.,100,.,.,100,.,.,.
2019,4,1,1,2,0,.,.,.,100,.,.,.,.,.,100,.,.,100,100,70,70
2019,4,1,2,2,0,.,.,.,100,.,.,.,.,.,100,.,.,90,98,25,25
2019,4,1,3,2,0,.,.,.,100,.,.,.,.,.,100,.,.,90,100,50,50
2019,4,1,4,2,0,.,.,.,100,.,.,.,.,.,100,.,.,90,30,20,20
2019,4,2,1,2,0,.,.,.,100,.,.,.,.,.,100,.,.,100,100,70,70
2019,4,2,2,2,0,.,.,.,100,.,.,.,.,.,100,.,.,95,100,60,65
2019,4,2,3,2,0,.,.,.,100,.,.,.,.,.,100,.,.,100,100,95,90
2019,4,2,4,2,0,.,.,.,95,.,.,.,.,.,100,.,.,80,98,75,95
2019,4,3,1,2,0,.,.,.,100,.,.,.,.,.,100,.,.,100,50,60,65
2019,4,3,2,2,0,.,.,.,100,.,.,.,.,.,100,.,.,100,98,65,65
2019,4,3,3,2,0,.,.,.,100,.,.,.,.,.,100,.,.,100,100,70,75
2019,4,3,4,2,0,.,.,.,100,.,.,.,.,.,100,.,.,100,100,20,20
2019,4,4,1,2,0,.,.,.,100,.,.,.,.,.,100,.,.,100,100,50,50
2019,4,4,2,2,0,.,.,.,100,.,.,.,.,.,100,.,.,98,95,50,50
2019,4,4,3,2,0,.,.,.,100,.,.,.,.,.,100,.,.,100,100,85,80
2019,4,4,4,2,0,.,.,.,100,.,.,.,.,.,100,.,.,100,100,100,100
2019,4,5,1,2,0,.,.,.,0,.,.,.,.,.,0,.,.,0,0,0,0
2019,4,5,2,2,0,.,.,.,0,.,.,.,.,.,0,.,.,0,0,0,0
2019,4,5,3,2,0,.,.,.,0,.,.,.,.,.,0,.,.,0,0,0,0
2019,4,5,4,2,0,.,.,.,0,.,.,.,.,.,0,.,.,0,0,0,0
2019,4,6,1,2,0,.,.,.,100,.,.,.,.,.,100,.,.,100,100,70,75
2019,4,6,2,2,0,.,.,.,100,.,.,.,.,.,100,.,.,50,100,80,75
2019,4,6,3,2,0,.,.,.,100,.,.,.,.,.,100,.,.,100,0,90,90
2019,4,6,4,2,0,.,.,.,100,.,.,.,.,.,100,.,.,100,90,40,30
2019,4,7,1,2,0,.,.,.,100,.,.,.,.,.,100,.,.,100,98,75,75
2019,4,7,2,2,0,.,.,.,100,.,.,.,.,.,100,.,.,99,100,70,80
2019,4,7,3,2,0,.,.,.,100,.,.,.,.,.,100,.,.,90,100,85,85
2019,4,7,4,2,0,.,.,.,100,.,.,.,.,.,100,.,.,100,100,85,85
2019,4,8,1,2,0,.,.,.,100,.,.,.,.,.,100,.,.,100,100,0,70
2019,4,8,2,2,0,.,.,.,100,.,.,.,.,.,100,.,.,100,100,80,75
2019,4,8,3,2,0,.,.,.,100,.,.,.,.,.,100,.,.,100,100,80,80
2019,4,8,4,2,0,.,.,.,100,.,.,.,.,.,100,.,.,100,100,100,100
2019,4,9,1,2,0,.,.,.,100,.,.,.,.,.,100,.,.,100,100,80,80
2019,4,9,2,2,0,.,.,.,100,.,.,.,.,.,100,.,.,100,100,90,85
2019,4,9,3,2,0,.,.,.,100,.,.,.,.,.,100,.,.,100,100,95,99
2019,4,9,4,2,0,.,.,.,100,.,.,.,.,.,100,.,.,100,98,80,98
